date,temperature
2025-04-01,30.65
2025-04-01,34.19
2025-04-01,34.5
2025-04-01,29.24
2025-04-01,29.81
2025-04-01,32.61
2025-04-01,33.35
2025-04-01,35.07
2025-04-01,30.11
2025-04-01,30.99
2025-04-01,31.96
2025-04-01,35.95
2025-04-01,33.56
2025-04-01,32.97
2025-04-01,36.19
2025-04-01,31.85
2025-04-01,35.22
2025-04-01,37.88
2025-04-01,32.28
2025-04-01,35.36
2025-04-01,36.0
2025-04-01,35.43
2025-04-01,34.6
2025-04-01,36.39
2025-04-01,28.07
2025-04-01,37.8
2025-04-01,31.05
2025-04-01,34.51
2025-04-01,34.99
2025-04-01,35.79
2025-04-01,28.8
2025-04-01,31.17
2025-04-01,37.61
2025-04-01,33.3
2025-04-01,36.59
2025-04-01,37.7
2025-04-01,28.38
2025-04-01,33.88
2025-04-01,29.96
2025-04-01,37.51
2025-04-01,35.35
2025-04-01,34.12
2025-04-01,36.07
2025-04-01,37.87
2025-04-01,33.62
2025-04-01,32.98
2025-04-01,28.39
2025-04-01,28.78
2025-04-01,31.67
2025-04-01,29.79
2025-04-01,28.93
2025-04-01,31.45
2025-04-01,32.91
2025-04-01,33.44
2025-04-01,35.33
2025-04-01,37.94
2025-04-01,30.1
2025-04-01,31.73
2025-04-01,34.51
2025-04-01,28.84
2025-04-01,35.64
2025-04-01,34.06
2025-04-01,31.57
2025-04-01,29.36
2025-04-01,32.07
2025-04-01,34.19
2025-04-01,30.88
2025-04-01,37.02
2025-04-01,31.8
2025-04-01,31.91
2025-04-01,29.09
2025-04-01,31.92
2025-04-01,33.37
2025-04-01,30.75
2025-04-01,33.19
2025-04-01,37.97
2025-04-01,29.62
2025-04-01,37.26
2025-04-01,29.39
2025-04-01,30.88
2025-04-01,28.92
2025-04-01,32.61
2025-04-01,29.56
2025-04-01,31.03
2025-04-01,34.01
2025-04-01,37.16
2025-04-01,34.21
2025-04-01,36.31
2025-04-01,37.22
2025-04-01,34.39
2025-04-01,32.68
2025-04-01,36.17
2025-04-01,31.24
2025-04-01,37.72
2025-04-01,33.26
2025-04-01,30.0
2025-04-01,34.36
2025-04-01,33.48
2025-04-01,32.14
2025-04-01,36.16
2025-04-01,29.08
2025-04-01,29.42
2025-04-01,36.04
2025-04-01,34.24
2025-04-01,35.24
2025-04-01,34.88
2025-04-01,37.76
2025-04-01,36.2
2025-04-01,33.4
2025-04-01,34.64
2025-04-01,30.37
2025-04-01,30.66
2025-04-01,28.43
2025-04-01,34.05
2025-04-01,32.71
2025-04-01,28.94
2025-04-01,33.76
2025-04-01,33.64
2025-04-01,36.1
2025-04-01,33.97
2025-04-01,32.1
2025-04-01,34.79
2025-04-01,32.64
2025-04-01,31.03
2025-04-01,32.83
2025-04-01,31.94
2025-04-01,31.42
2025-04-01,32.41
2025-04-01,32.18
2025-04-01,30.88
2025-04-01,31.72
2025-04-01,34.66
2025-04-01,36.31
2025-04-01,29.44
2025-04-01,30.77
2025-04-01,35.13
2025-04-01,35.12
2025-04-01,29.21
2025-04-01,29.63
2025-04-01,37.33
2025-04-01,29.39
2025-04-01,29.82
2025-04-01,34.78
2025-04-01,37.35
2025-04-01,37.9
2025-04-01,33.2
2025-04-01,30.46
2025-04-01,35.45
2025-04-01,35.47
2025-04-01,37.61
2025-04-01,33.31
2025-04-01,30.42
2025-04-01,35.27
2025-04-01,33.36
2025-04-01,33.92
2025-04-01,32.25
2025-04-01,37.59
2025-04-01,28.73
2025-04-01,28.77
2025-04-01,30.68
2025-04-01,29.5
2025-04-01,31.81
2025-04-01,30.69
2025-04-01,36.57
2025-04-01,31.45
2025-04-01,35.34
2025-04-01,33.05
2025-04-01,32.59
2025-04-01,28.06
2025-04-01,37.82
2025-04-01,30.91
2025-04-01,32.28
2025-04-01,36.13
2025-04-01,32.83
2025-04-01,31.14
2025-04-01,30.8
2025-04-01,30.78
2025-04-01,34.66
2025-04-01,31.08
2025-04-01,35.06
2025-04-01,34.35
2025-04-01,36.53
2025-04-01,32.53
2025-04-01,30.64
2025-04-01,36.52
2025-04-01,34.2
2025-04-01,29.13
2025-04-01,34.23
2025-04-01,31.97
2025-04-01,32.25
2025-04-01,31.57
2025-04-01,28.84
2025-04-01,35.23
2025-04-01,32.72
2025-04-01,32.8
2025-04-01,37.99
2025-04-01,30.69
2025-04-01,32.61
2025-04-01,28.91
2025-04-01,30.18
2025-04-01,37.57
2025-04-01,35.05
2025-04-01,29.62
2025-04-01,34.02
2025-04-01,33.18
2025-04-01,37.95
2025-04-01,32.64
2025-04-01,33.38
2025-04-01,32.31
2025-04-01,36.11
2025-04-01,31.86
2025-04-01,31.8
2025-04-01,28.55
2025-04-01,32.46
2025-04-01,31.0
2025-04-01,35.94
2025-04-01,35.26
2025-04-01,29.69
2025-04-01,36.83
2025-04-01,31.34
2025-04-01,31.84
2025-04-01,28.22
2025-04-01,35.07
2025-04-01,29.6
2025-04-01,36.19
2025-04-01,33.24
2025-04-01,37.12
2025-04-01,35.66
2025-04-01,30.77
2025-04-01,36.48
2025-04-01,36.14
2025-04-01,37.41
2025-04-01,37.06
2025-04-01,33.88
2025-04-01,33.19
2025-04-01,32.66
2025-04-01,31.4
2025-04-01,34.98
2025-04-01,36.91
2025-04-01,32.26
2025-04-01,28.59
2025-04-01,37.03
2025-04-01,29.5
2025-04-01,37.26
2025-04-01,28.7
2025-04-01,33.08
2025-04-01,31.57
2025-04-01,30.39
2025-04-01,35.06
2025-04-01,29.66
2025-04-01,31.92
2025-04-01,33.08
2025-04-01,34.29
2025-04-01,30.06
2025-04-01,34.35
2025-04-01,28.41
2025-04-01,37.32
2025-04-01,32.98
2025-04-01,36.28
2025-04-01,33.98
2025-04-01,28.62
2025-04-01,32.9
2025-04-01,31.15
2025-04-01,30.28
2025-04-01,29.76
2025-04-01,35.39
2025-04-01,29.58
2025-04-01,33.42
2025-04-01,29.57
2025-04-01,29.34
2025-04-01,29.36
2025-04-01,34.61
2025-04-01,34.75
2025-04-01,28.57
2025-04-01,31.71
2025-04-01,35.44
2025-04-01,34.42
2025-04-01,32.82
2025-04-01,32.7
2025-04-01,29.46
2025-04-01,33.98
2025-04-01,34.09
2025-04-01,35.73
2025-04-01,29.97
2025-04-01,36.18
2025-04-01,30.37
2025-04-01,30.18
2025-04-01,33.77
2025-04-01,31.25
2025-04-01,34.76
2025-04-01,36.58
2025-04-01,36.59
2025-04-01,37.83
2025-04-01,34.3
2025-04-01,31.87
2025-04-01,35.96
2025-04-01,30.37
2025-04-01,28.13
2025-04-01,37.24
2025-04-01,32.92
2025-04-01,30.58
2025-04-01,35.07
2025-04-01,36.8
2025-04-01,31.43
2025-04-01,30.75
2025-04-01,35.52
2025-04-01,31.94
2025-04-01,37.29
2025-04-01,37.93
2025-04-01,29.23
2025-04-01,31.46
2025-04-01,35.24
2025-04-01,30.24
2025-04-01,34.78
2025-04-01,28.72
2025-04-01,30.71
2025-04-01,35.34
2025-04-01,37.61
2025-04-01,31.67
2025-04-01,30.65
2025-04-01,29.91
2025-04-01,29.1
2025-04-01,37.2
2025-04-01,32.32
2025-04-01,33.49
2025-04-01,35.64
2025-04-01,33.94
2025-04-01,37.1
2025-04-01,28.91
2025-04-01,32.31
2025-04-01,32.82
2025-04-01,28.17
2025-04-01,35.09
2025-04-01,28.25
2025-04-01,31.03
2025-04-01,29.69
2025-04-01,32.16
2025-04-01,37.87
2025-04-01,34.35
2025-04-01,29.84
2025-04-01,32.42
2025-04-01,29.26
2025-04-01,36.88
2025-04-01,37.87
2025-04-01,29.12
2025-04-01,29.95
2025-04-01,31.47
2025-04-01,36.44
2025-04-01,30.37
2025-04-01,32.84
2025-04-01,29.04
2025-04-01,36.83
2025-04-01,35.82
2025-04-01,28.6
2025-04-01,32.17
2025-04-01,37.22
2025-04-01,37.79
2025-04-01,35.95
2025-04-01,35.24
2025-04-01,28.08
2025-04-01,37.43
2025-04-01,29.68
2025-04-01,35.15
2025-04-01,35.5
2025-04-01,32.62
2025-04-01,29.0
2025-04-01,36.17
2025-04-01,30.16
2025-04-01,33.47
2025-04-01,37.05
2025-04-01,31.41
2025-04-01,28.01
2025-04-01,29.39
2025-04-01,30.48
2025-04-01,30.38
2025-04-01,35.36
2025-04-01,35.93
2025-04-01,32.18
2025-04-01,30.63
2025-04-01,30.52
2025-04-01,30.64
2025-04-01,35.98
2025-04-01,34.92
2025-04-01,28.27
2025-04-01,29.95
2025-04-01,31.35
2025-04-01,34.47
2025-04-01,37.12
2025-04-01,37.9
2025-04-01,33.24
2025-04-01,34.86
2025-04-01,34.87
2025-04-01,32.17
2025-04-01,33.85
2025-04-01,36.87
2025-04-01,31.7
2025-04-01,28.31
2025-04-01,33.88
2025-04-01,30.43
2025-04-01,32.04
2025-04-01,37.71
2025-04-01,32.44
2025-04-01,37.76
2025-04-01,35.21
2025-04-01,32.55
2025-04-01,29.64
2025-04-01,30.29
2025-04-01,36.84
2025-04-01,32.24
2025-04-01,36.52
2025-04-01,28.62
2025-04-01,35.4
2025-04-01,36.49
2025-04-01,36.11
2025-04-01,33.26
2025-04-01,35.66
2025-04-01,28.97
2025-04-01,28.24
2025-04-01,34.5
2025-04-01,33.82
2025-04-01,30.95
2025-04-01,28.33
2025-04-01,34.85
2025-04-01,33.5
2025-04-01,36.62
2025-04-01,37.79
2025-04-01,33.26
2025-04-01,35.06
2025-04-01,34.99
2025-04-01,37.94
2025-04-01,36.04
2025-04-01,37.97
2025-04-01,28.42
2025-04-01,34.83
2025-04-01,29.81
2025-04-01,37.89
2025-04-01,30.65
2025-04-01,29.73
2025-04-01,32.2
2025-04-01,30.15
2025-04-01,37.33
2025-04-01,28.4
2025-04-01,30.61
2025-04-01,29.63
2025-04-01,28.77
2025-04-01,35.45
2025-04-01,33.57
2025-04-01,37.41
2025-04-01,33.17
2025-04-01,30.69
2025-04-01,28.52
2025-04-01,35.96
2025-04-01,32.97
2025-04-01,31.61
2025-04-01,32.39
2025-04-01,32.94
2025-04-01,34.11
2025-04-01,32.06
2025-04-01,33.77
2025-04-01,28.95
2025-04-01,30.71
2025-04-01,37.43
2025-04-01,33.01
2025-04-01,37.0
2025-04-01,31.86
2025-04-01,35.0
2025-04-01,36.9
2025-04-01,35.48
2025-04-01,36.09
2025-04-01,31.03
2025-04-01,29.53
2025-04-01,29.01
2025-04-01,31.59
2025-04-01,36.21
2025-04-01,32.01
2025-04-01,37.89
2025-04-01,35.23
2025-04-01,36.09
2025-04-01,31.86
2025-04-01,31.61
2025-04-01,34.18
2025-04-01,34.61
2025-04-01,31.61
2025-04-01,37.58
2025-04-01,36.24
2025-04-01,31.12
2025-04-01,28.61
2025-04-01,28.64
2025-04-01,32.42
2025-04-01,29.38
2025-04-01,32.22
2025-04-01,33.28
2025-04-01,30.02
2025-04-01,30.0
2025-04-01,33.54
2025-04-01,38.46
2025-04-01,32.5
2025-04-01,34.25
2025-04-01,33.17
2025-04-01,37.73
2025-04-01,38.25
2025-04-01,29.97
2025-04-01,38.28
2025-04-01,30.22
2025-04-01,33.2
2025-04-01,29.35
2025-04-01,38.1
2025-04-01,32.12
2025-04-01,33.54
2025-04-01,36.71
2025-04-01,32.25
2025-04-01,36.9
2025-04-01,30.95
2025-04-01,38.85
2025-04-01,32.38
2025-04-01,31.11
2025-04-01,30.76
2025-04-01,37.88
2025-04-01,30.87
2025-04-01,30.8
2025-04-01,36.34
2025-04-01,29.19
2025-04-01,38.3
2025-04-01,37.96
2025-04-01,31.16
2025-04-01,33.63
2025-04-01,29.3
2025-04-01,34.28
2025-04-01,31.92
2025-04-01,30.32
2025-04-01,35.91
2025-04-01,34.59
2025-04-01,32.43
2025-04-01,32.6
2025-04-01,33.29
2025-04-01,32.66
2025-04-01,32.61
2025-04-01,29.6
2025-04-01,33.73
2025-04-01,31.19
2025-04-01,31.29
2025-04-01,33.34
2025-04-01,29.24
2025-04-01,30.53
2025-04-01,34.84
2025-04-01,37.81
2025-04-01,33.73
2025-04-01,31.85
2025-04-01,31.11
2025-04-01,29.35
2025-04-01,38.53
2025-04-01,32.14
2025-04-01,35.41
2025-04-01,32.46
2025-04-01,35.98
2025-04-01,35.27
2025-04-01,36.4
2025-04-01,37.44
2025-04-01,32.76
2025-04-01,29.9
2025-04-01,33.51
2025-04-01,33.72
2025-04-01,31.23
2025-04-01,35.44
2025-04-01,36.21
2025-04-01,35.31
2025-04-01,29.68
2025-04-01,37.98
2025-04-01,29.73
2025-04-01,34.27
2025-04-01,37.1
2025-04-01,33.63
2025-04-01,33.73
2025-04-01,30.68
2025-04-01,35.98
2025-04-01,30.62
2025-04-01,37.71
2025-04-01,37.29
2025-04-01,32.77
2025-04-01,32.65
2025-04-01,36.83
2025-04-01,30.68
2025-04-01,35.01
2025-04-01,35.64
2025-04-01,31.61
2025-04-01,32.57
2025-04-01,34.48
2025-04-01,30.58
2025-04-01,38.94
2025-04-01,31.01
2025-04-01,35.02
2025-04-01,38.61
2025-04-01,32.86
2025-04-01,29.59
2025-04-01,36.85
2025-04-01,34.07
2025-04-01,34.0
2025-04-01,38.55
2025-04-01,30.65
2025-04-01,31.17
2025-04-01,36.06
2025-04-01,37.62
2025-04-01,31.1
2025-04-01,29.79
2025-04-01,38.09
2025-04-01,32.94
2025-04-01,31.26
2025-04-01,37.96
2025-04-01,38.55
2025-04-01,38.45
2025-04-01,31.28
2025-04-01,31.0
2025-04-01,31.46
2025-04-01,30.65
2025-04-01,29.25
2025-04-01,30.03
2025-04-01,35.89
2025-04-01,34.23
2025-04-01,32.68
2025-04-01,33.0
2025-04-01,37.29
2025-04-01,32.07
2025-04-01,31.77
2025-04-01,36.65
2025-04-01,36.78
2025-04-01,36.92
2025-04-01,38.41
2025-04-01,30.07
2025-04-01,35.24
2025-04-01,30.36
2025-04-01,31.7
2025-04-01,30.78
2025-04-01,32.01
2025-04-01,33.92
2025-04-01,32.99
2025-04-01,36.74
2025-04-01,31.13
2025-04-01,37.19
2025-04-01,32.48
2025-04-01,33.19
2025-04-01,29.2
2025-04-01,30.31
2025-04-01,30.72
2025-04-01,37.4
2025-04-01,34.75
2025-04-01,31.36
2025-04-01,32.39
2025-04-01,33.46
2025-04-01,37.08
2025-04-01,38.29
2025-04-01,37.0
2025-04-01,37.55
2025-04-01,31.98
2025-04-01,35.4
2025-04-01,37.61
2025-04-01,29.89
2025-04-01,32.68
2025-04-01,32.51
2025-04-01,36.76
2025-04-01,37.0
2025-04-01,32.23
2025-04-01,29.14
2025-04-01,34.93
2025-04-01,33.48
2025-04-01,31.17
2025-04-01,33.91
2025-04-01,32.71
2025-04-01,34.08
2025-04-01,33.53
2025-04-01,36.03
2025-04-01,36.84
2025-04-01,31.07
2025-04-01,29.9
2025-04-01,34.13
2025-04-01,37.13
2025-04-01,32.48
2025-04-01,35.53
2025-04-01,36.04
2025-04-01,38.12
2025-04-01,30.14
2025-04-01,35.46
2025-04-01,33.32
2025-04-01,33.85
2025-04-01,33.51
2025-04-01,32.93
2025-04-01,38.69
2025-04-01,31.48
2025-04-01,29.64
2025-04-01,37.89
2025-04-01,36.08
2025-04-01,30.95
2025-04-01,37.16
2025-04-01,36.74
2025-04-01,29.82
2025-04-01,32.53
2025-04-01,30.98
2025-04-01,29.42
2025-04-01,32.94
2025-04-01,37.11
2025-04-01,35.35
2025-04-01,33.98
2025-04-02,34.54
2025-04-02,32.38
2025-04-02,35.13
2025-04-02,37.54
2025-04-02,30.76
2025-04-02,38.86
2025-04-02,38.26
2025-04-02,36.71
2025-04-02,38.36
2025-04-02,38.42
2025-04-02,37.3
2025-04-02,38.05
2025-04-02,32.05
2025-04-02,32.55
2025-04-02,31.05
2025-04-02,31.69
2025-04-02,33.89
2025-04-02,31.65
2025-04-02,38.76
2025-04-02,37.49
2025-04-02,33.2
2025-04-02,30.44
2025-04-02,37.63
2025-04-02,30.66
2025-04-02,31.3
2025-04-02,33.89
2025-04-02,35.65
2025-04-02,32.46
2025-04-02,36.45
2025-04-02,32.55
2025-04-02,38.91
2025-04-02,30.71
2025-04-02,30.02
2025-04-02,31.11
2025-04-02,34.59
2025-04-02,37.65
2025-04-02,36.5
2025-04-02,29.76
2025-04-02,32.31
2025-04-02,35.79
2025-04-02,37.75
2025-04-02,36.14
2025-04-02,36.86
2025-04-02,29.27
2025-04-02,33.8
2025-04-02,36.19
2025-04-02,37.84
2025-04-02,31.6
2025-04-02,34.82
2025-04-02,36.17
2025-04-02,34.36
2025-04-02,29.15
2025-04-02,38.87
2025-04-02,30.76
2025-04-02,38.08
2025-04-02,30.71
2025-04-02,36.15
2025-04-02,34.84
2025-04-02,29.19
2025-04-02,34.83
2025-04-02,33.01
2025-04-02,36.06
2025-04-02,36.48
2025-04-02,37.42
2025-04-02,36.96
2025-04-02,33.66
2025-04-02,36.87
2025-04-02,35.12
2025-04-02,38.83
2025-04-02,31.99
2025-04-02,33.09
2025-04-02,36.21
2025-04-02,29.02
2025-04-02,32.99
2025-04-02,31.48
2025-04-02,37.38
2025-04-02,30.47
2025-04-02,36.89
2025-04-02,37.28
2025-04-02,36.67
2025-04-02,37.07
2025-04-02,34.97
2025-04-02,38.07
2025-04-02,32.65
2025-04-02,38.45
2025-04-02,33.32
2025-04-02,38.55
2025-04-02,35.27
2025-04-02,36.98
2025-04-02,33.38
2025-04-02,31.57
2025-04-02,29.37
2025-04-02,36.78
2025-04-02,32.02
2025-04-02,32.73
2025-04-02,35.74
2025-04-02,33.28
2025-04-02,36.04
2025-04-02,34.64
2025-04-02,30.4
2025-04-02,30.0
2025-04-02,32.24
2025-04-02,32.01
2025-04-02,35.89
2025-04-02,30.02
2025-04-02,36.11
2025-04-02,34.68
2025-04-02,33.3
2025-04-02,30.56
2025-04-02,36.09
2025-04-02,37.53
2025-04-02,29.47
2025-04-02,36.25
2025-04-02,32.66
2025-04-02,36.54
2025-04-02,36.76
2025-04-02,29.62
2025-04-02,34.99
2025-04-02,37.74
2025-04-02,34.12
2025-04-02,34.77
2025-04-02,29.48
2025-04-02,29.84
2025-04-02,33.86
2025-04-02,37.46
2025-04-02,31.4
2025-04-02,35.57
2025-04-02,33.75
2025-04-02,35.73
2025-04-02,32.7
2025-04-02,34.3
2025-04-02,32.71
2025-04-02,34.1
2025-04-02,37.8
2025-04-02,36.44
2025-04-02,36.17
2025-04-02,32.02
2025-04-02,36.53
2025-04-02,33.63
2025-04-02,31.86
2025-04-02,36.7
2025-04-02,34.86
2025-04-02,38.14
2025-04-02,29.48
2025-04-02,38.08
2025-04-02,37.29
2025-04-02,33.13
2025-04-02,32.83
2025-04-02,37.69
2025-04-02,33.45
2025-04-02,30.67
2025-04-02,34.13
2025-04-02,29.71
2025-04-02,35.72
2025-04-02,34.92
2025-04-02,33.3
2025-04-02,38.47
2025-04-02,36.21
2025-04-02,32.85
2025-04-02,35.37
2025-04-02,37.99
2025-04-02,37.77
2025-04-02,34.5
2025-04-02,30.93
2025-04-02,30.29
2025-04-02,37.19
2025-04-02,31.21
2025-04-02,36.36
2025-04-02,29.56
2025-04-02,30.25
2025-04-02,36.89
2025-04-02,37.41
2025-04-02,29.35
2025-04-02,34.63
2025-04-02,35.39
2025-04-02,30.72
2025-04-02,32.41
2025-04-02,33.44
2025-04-02,35.77
2025-04-02,36.57
2025-04-02,31.44
2025-04-02,29.58
2025-04-02,31.72
2025-04-02,35.85
2025-04-02,31.05
2025-04-02,33.83
2025-04-02,32.37
2025-04-02,30.66
2025-04-02,38.28
2025-04-02,37.1
2025-04-02,35.48
2025-04-02,31.05
2025-04-02,29.21
2025-04-02,35.83
2025-04-02,37.41
2025-04-02,37.63
2025-04-02,31.65
2025-04-02,30.19
2025-04-02,30.16
2025-04-02,38.71
2025-04-02,38.12
2025-04-02,36.55
2025-04-02,35.66
2025-04-02,32.5
2025-04-02,37.43
2025-04-02,36.5
2025-04-02,38.38
2025-04-02,31.58
2025-04-02,36.28
2025-04-02,33.19
2025-04-02,36.45
2025-04-02,36.31
2025-04-02,38.94
2025-04-02,34.04
2025-04-02,33.27
2025-04-02,31.31
2025-04-02,29.28
2025-04-02,29.82
2025-04-02,37.5
2025-04-02,30.47
2025-04-02,33.07
2025-04-02,38.54
2025-04-02,30.26
2025-04-02,31.39
2025-04-02,38.58
2025-04-02,36.73
2025-04-02,31.08
2025-04-02,31.21
2025-04-02,29.12
2025-04-02,33.09
2025-04-02,29.42
2025-04-02,29.71
2025-04-02,34.36
2025-04-02,35.31
2025-04-02,30.28
2025-04-02,34.84
2025-04-02,38.41
2025-04-02,29.2
2025-04-02,37.28
2025-04-02,38.77
2025-04-02,29.16
2025-04-02,35.78
2025-04-02,29.54
2025-04-02,32.68
2025-04-02,36.72
2025-04-02,30.05
2025-04-02,36.71
2025-04-02,30.6
2025-04-02,29.54
2025-04-02,31.12
2025-04-02,34.51
2025-04-02,31.02
2025-04-02,29.82
2025-04-02,35.14
2025-04-02,35.71
2025-04-02,38.62
2025-04-02,31.62
2025-04-02,30.7
2025-04-02,38.34
2025-04-02,29.46
2025-04-02,32.7
2025-04-02,35.57
2025-04-02,35.99
2025-04-02,35.56
2025-04-02,31.52
2025-04-02,32.84
2025-04-02,38.57
2025-04-02,37.15
2025-04-02,36.66
2025-04-02,30.84
2025-04-02,35.19
2025-04-02,35.36
2025-04-02,29.95
2025-04-02,33.66
2025-04-02,37.34
2025-04-02,35.19
2025-04-02,31.32
2025-04-02,30.93
2025-04-02,30.03
2025-04-02,38.24
2025-04-02,36.74
2025-04-02,32.79
2025-04-02,37.61
2025-04-02,31.73
2025-04-02,38.59
2025-04-02,32.94
2025-04-02,34.03
2025-04-02,33.27
2025-04-02,30.9
2025-04-02,32.48
2025-04-02,30.4
2025-04-02,29.91
2025-04-02,36.18
2025-04-02,36.83
2025-04-02,35.97
2025-04-02,29.96
2025-04-02,37.46
2025-04-02,31.51
2025-04-02,38.17
2025-04-02,37.32
2025-04-02,34.42
2025-04-02,29.59
2025-04-02,33.63
2025-04-02,36.57
2025-04-02,30.87
2025-04-02,30.87
2025-04-02,29.4
2025-04-02,35.77
2025-04-02,32.54
2025-04-02,33.8
2025-04-02,38.62
2025-04-02,29.24
2025-04-02,29.49
2025-04-02,30.66
2025-04-02,30.18
2025-04-02,29.66
2025-04-02,37.57
2025-04-02,31.47
2025-04-02,29.88
2025-04-02,29.34
2025-04-02,36.76
2025-04-02,36.08
2025-04-02,35.99
2025-04-02,34.01
2025-04-02,29.31
2025-04-02,31.95
2025-04-02,31.32
2025-04-02,34.41
2025-04-02,36.39
2025-04-02,31.32
2025-04-02,36.0
2025-04-02,31.32
2025-04-02,31.04
2025-04-02,30.88
2025-04-02,31.58
2025-04-02,38.96
2025-04-02,31.52
2025-04-02,36.65
2025-04-02,31.29
2025-04-02,31.88
2025-04-02,30.06
2025-04-02,34.29
2025-04-02,38.7
2025-04-02,37.86
2025-04-02,29.4
2025-04-02,37.35
2025-04-02,34.68
2025-04-02,30.75
2025-04-02,30.98
2025-04-02,30.85
2025-04-02,35.38
2025-04-02,31.87
2025-04-02,37.47
2025-04-02,38.38
2025-04-02,36.57
2025-04-02,35.22
2025-04-02,34.81
2025-04-02,37.59
2025-04-02,33.51
2025-04-02,38.67
2025-04-02,35.78
2025-04-02,35.61
2025-04-02,38.74
2025-04-02,36.41
2025-04-02,36.92
2025-04-02,30.44
2025-04-02,38.41
2025-04-02,35.28
2025-04-02,33.58
2025-04-02,38.13
2025-04-02,33.39
2025-04-02,30.78
2025-04-02,36.62
2025-04-02,36.28
2025-04-02,38.47
2025-04-02,30.19
2025-04-02,35.89
2025-04-02,29.31
2025-04-02,37.69
2025-04-02,32.61
2025-04-02,34.83
2025-04-02,32.54
2025-04-02,36.86
2025-04-02,31.6
2025-04-02,33.39
2025-04-02,31.09
2025-04-02,29.7
2025-04-02,35.49
2025-04-02,37.32
2025-04-02,29.11
2025-04-02,37.36
2025-04-02,31.72
2025-04-02,32.77
2025-04-02,33.42
2025-04-02,31.53
2025-04-02,35.94
2025-04-02,38.0
2025-04-02,37.9
2025-04-02,35.16
2025-04-02,37.69
2025-04-02,32.95
2025-04-02,31.19
2025-04-02,35.55
2025-04-02,31.49
2025-04-02,32.87
2025-04-02,35.48
2025-04-02,35.3
2025-04-02,32.06
2025-04-02,29.67
2025-04-02,29.17
2025-04-02,38.42
2025-04-02,36.61
2025-04-02,34.24
2025-04-02,36.09
2025-04-02,34.85
2025-04-02,29.73
2025-04-02,36.52
2025-04-02,37.78
2025-04-02,33.45
2025-04-02,38.24
2025-04-02,35.31
2025-04-02,32.02
2025-04-02,30.64
2025-04-02,34.6
2025-04-02,34.42
2025-04-02,37.85
2025-04-02,37.21
2025-04-02,30.76
2025-04-02,31.69
2025-04-02,37.77
2025-04-02,36.33
2025-04-02,38.2
2025-04-02,37.95
2025-04-02,36.45
2025-04-02,31.89
2025-04-02,33.56
2025-04-02,35.63
2025-04-02,32.22
2025-04-02,30.59
2025-04-02,29.8
2025-04-02,31.2
2025-04-02,33.15
2025-04-02,31.92
2025-04-02,29.86
2025-04-02,34.9
2025-04-02,33.4
2025-04-02,35.73
2025-04-02,32.41
2025-04-02,38.54
2025-04-02,30.12
2025-04-02,31.0
2025-04-02,35.35
2025-04-02,30.0
2025-04-02,32.14
2025-04-02,32.36
2025-04-02,37.58
2025-04-02,34.8
2025-04-02,34.12
2025-04-02,36.82
2025-04-02,35.98
2025-04-02,32.38
2025-04-02,34.07
2025-04-02,35.4
2025-04-02,37.11
2025-04-02,29.66
2025-04-02,34.17
2025-04-02,30.8
2025-04-02,38.43
2025-04-02,37.93
2025-04-02,37.97
2025-04-02,38.62
2025-04-02,34.64
2025-04-02,32.98
2025-04-02,37.53
2025-04-02,34.65
2025-04-02,35.43
2025-04-02,33.04
2025-04-02,36.6
2025-04-02,36.66
2025-04-02,33.44
2025-04-02,32.26
2025-04-02,38.07
2025-04-02,35.84
2025-04-02,31.29
2025-04-02,34.45
2025-04-02,35.89
2025-04-02,36.25
2025-04-02,32.87
2025-04-02,32.21
2025-04-02,38.01
2025-04-02,30.49
2025-04-02,35.18
2025-04-02,34.8
2025-04-02,29.75
2025-04-02,35.2
2025-04-02,31.61
2025-04-02,38.03
2025-04-02,37.69
2025-04-02,33.3
2025-04-02,34.23
2025-04-02,34.99
2025-04-02,37.78
2025-04-02,29.59
2025-04-02,31.51
2025-04-02,36.9
2025-04-02,31.81
2025-04-02,29.3
2025-04-02,32.89
2025-04-02,38.64
2025-04-02,33.24
2025-04-02,30.66
2025-04-02,31.66
2025-04-02,33.16
2025-04-02,33.6
2025-04-02,33.5
2025-04-02,34.36
2025-04-02,38.16
2025-04-02,30.75
2025-04-02,36.64
2025-04-02,30.98
2025-04-02,38.54
2025-04-02,36.38
2025-04-02,38.57
2025-04-02,29.11
2025-04-02,35.88
2025-04-02,38.19
2025-04-02,30.84
2025-04-02,35.66
2025-04-02,34.11
2025-04-02,29.28
2025-04-02,35.17
2025-04-02,30.52
2025-04-02,29.14
2025-04-02,29.7
2025-04-02,36.06
2025-04-02,31.92
2025-04-02,29.78
2025-04-02,37.72
2025-04-02,35.91
2025-04-02,31.93
2025-04-02,35.34
2025-04-02,33.17
2025-04-02,33.19
2025-04-02,35.54
2025-04-02,37.59
2025-04-02,31.44
2025-04-02,36.93
2025-04-02,36.27
2025-04-02,36.33
2025-04-02,34.39
2025-04-02,31.99
2025-04-02,31.62
2025-04-02,33.04
2025-04-02,30.21
2025-04-02,31.03
2025-04-02,36.11
2025-04-02,33.05
2025-04-02,36.06
2025-04-02,36.56
2025-04-02,37.29
2025-04-02,37.08
2025-04-02,36.18
2025-04-02,36.34
2025-04-02,34.02
2025-04-02,34.45
2025-04-02,33.85
2025-04-02,33.16
2025-04-02,33.14
2025-04-02,35.39
2025-04-02,34.91
2025-04-02,33.06
2025-04-02,34.82
2025-04-02,30.31
2025-04-02,34.6
2025-04-02,31.23
2025-04-02,33.47
2025-04-02,37.59
2025-04-02,32.58
2025-04-02,30.66
2025-04-02,32.82
2025-04-02,34.52
2025-04-02,30.66
2025-04-02,36.94
2025-04-02,30.45
2025-04-02,32.92
2025-04-02,30.18
2025-04-02,29.92
2025-04-02,35.6
2025-04-02,36.55
2025-04-02,35.93
2025-04-02,35.49
2025-04-02,34.43
2025-04-02,31.58
2025-04-02,36.59
2025-04-02,29.62
2025-04-02,35.96
2025-04-02,38.85
2025-04-02,29.59
2025-04-02,34.84
2025-04-02,35.25
2025-04-02,34.73
2025-04-02,33.43
2025-04-02,30.17
2025-04-02,37.81
2025-04-02,33.11
2025-04-02,33.78
2025-04-02,31.21
2025-04-02,37.68
2025-04-02,37.74
2025-04-02,29.03
2025-04-02,31.13
2025-04-02,29.43
2025-04-02,34.0
2025-04-02,35.27
2025-04-02,32.07
2025-04-02,37.01
2025-04-02,35.18
2025-04-02,36.1
2025-04-02,32.83
2025-04-02,32.76
2025-04-02,33.44
2025-04-02,35.79
2025-04-02,37.56
2025-04-02,34.95
2025-04-02,34.78
2025-04-02,35.25
2025-04-02,38.22
2025-04-02,38.23
2025-04-02,33.32
2025-04-02,30.93
2025-04-02,34.37
2025-04-02,38.22
2025-04-02,34.04
2025-04-02,30.76
2025-04-02,38.24
2025-04-02,35.75
2025-04-02,34.57
2025-04-02,38.26
2025-04-02,33.53
2025-04-02,36.05
2025-04-02,29.82
2025-04-02,38.69
2025-04-02,38.68
2025-04-02,38.56
2025-04-02,31.23
2025-04-02,29.32
2025-04-02,29.31
2025-04-02,31.07
2025-04-02,35.74
2025-04-02,32.17
2025-04-02,35.91
2025-04-02,38.33
2025-04-02,29.54
2025-04-02,31.16
2025-04-02,29.51
2025-04-02,30.94
2025-04-02,31.94
2025-04-02,37.36
2025-04-02,30.99
2025-04-02,31.95
2025-04-02,29.51
2025-04-02,33.86
2025-04-02,34.55
2025-04-02,30.58
2025-04-02,30.22
2025-04-02,29.23
2025-04-02,37.75
2025-04-02,32.77
2025-04-02,35.2
2025-04-02,32.13
2025-04-02,38.02
2025-04-02,38.7
2025-04-02,29.42
2025-04-02,36.85
2025-04-02,37.51
2025-04-02,37.69
2025-04-02,36.46
2025-04-02,30.32
2025-04-02,29.33
2025-04-02,31.6
2025-04-02,33.88
2025-04-02,37.36
2025-04-02,30.47
2025-04-02,32.03
2025-04-02,36.95
2025-04-02,31.4
2025-04-02,37.12
2025-04-02,29.85
2025-04-02,35.11
2025-04-02,29.44
2025-04-02,30.53
2025-04-02,34.31
2025-04-02,29.4
2025-04-02,37.66
2025-04-02,37.93
2025-04-02,29.73
2025-04-02,37.59
2025-04-02,36.66
2025-04-02,31.49
2025-04-02,37.98
2025-04-03,30.62
2025-04-03,29.3
2025-04-03,29.08
2025-04-03,32.97
2025-04-03,32.44
2025-04-03,38.9
2025-04-03,34.27
2025-04-03,29.49
2025-04-03,30.86
2025-04-03,32.33
2025-04-03,29.56
2025-04-03,35.32
2025-04-03,37.26
2025-04-03,36.16
2025-04-03,37.98
2025-04-03,30.69
2025-04-03,34.11
2025-04-03,34.21
2025-04-03,38.33
2025-04-03,36.25
2025-04-03,37.24
2025-04-03,36.52
2025-04-03,30.79
2025-04-03,37.76
2025-04-03,35.95
2025-04-03,33.06
2025-04-03,34.23
2025-04-03,34.52
2025-04-03,36.61
2025-04-03,29.62
2025-04-03,38.81
2025-04-03,37.62
2025-04-03,32.05
2025-04-03,31.97
2025-04-03,34.6
2025-04-03,32.22
2025-04-03,30.21
2025-04-03,33.25
2025-04-03,34.08
2025-04-03,29.05
2025-04-03,31.15
2025-04-03,35.2
2025-04-03,29.11
2025-04-03,33.34
2025-04-03,32.23
2025-04-03,30.56
2025-04-03,37.78
2025-04-03,29.67
2025-04-03,36.76
2025-04-03,33.72
2025-04-03,33.99
2025-04-03,33.09
2025-04-03,29.74
2025-04-03,31.91
2025-04-03,38.6
2025-04-03,29.44
2025-04-03,36.06
2025-04-03,38.41
2025-04-03,37.55
2025-04-03,33.13
2025-04-03,34.99
2025-04-03,30.9
2025-04-03,29.82
2025-04-03,36.33
2025-04-03,35.76
2025-04-03,35.5
2025-04-03,30.4
2025-04-03,31.18
2025-04-03,34.22
2025-04-03,31.35
2025-04-03,31.55
2025-04-03,36.86
2025-04-03,31.86
2025-04-03,30.3
2025-04-03,34.69
2025-04-03,35.13
2025-04-03,37.07
2025-04-03,29.72
2025-04-03,37.18
2025-04-03,37.6
2025-04-03,32.16
2025-04-03,37.49
2025-04-03,30.69
2025-04-03,34.34
2025-04-03,32.8
2025-04-03,30.16
2025-04-03,31.07
2025-04-03,33.05
2025-04-03,35.99
2025-04-03,36.23
2025-04-03,37.66
2025-04-03,30.22
2025-04-03,32.05
2025-04-03,30.5
2025-04-03,31.61
2025-04-03,36.25
2025-04-03,36.97
2025-04-03,37.78
2025-04-03,30.43
2025-04-03,35.0
2025-04-03,32.7
2025-04-03,37.71
2025-04-03,34.86
2025-04-03,29.87
2025-04-03,37.57
2025-04-03,32.12
2025-04-03,38.51
2025-04-03,38.57
2025-04-03,36.77
2025-04-03,33.75
2025-04-03,36.33
2025-04-03,32.98
2025-04-03,36.69
2025-04-03,34.49
2025-04-03,30.09
2025-04-03,30.08
2025-04-03,30.92
2025-04-03,36.31
2025-04-03,29.65
2025-04-03,34.74
2025-04-03,35.83
2025-04-03,37.4
2025-04-03,30.92
2025-04-03,31.81
2025-04-03,32.93
2025-04-03,32.36
2025-04-03,29.06
2025-04-03,35.66
2025-04-03,34.4
2025-04-03,30.68
2025-04-03,34.02
2025-04-03,35.06
2025-04-03,36.19
2025-04-03,37.68
2025-04-03,38.45
2025-04-03,31.22
2025-04-03,36.11
2025-04-03,32.47
2025-04-03,33.9
2025-04-03,31.62
2025-04-03,32.21
2025-04-03,29.82
2025-04-03,38.35
2025-04-03,33.56
2025-04-03,30.4
2025-04-03,33.86
2025-04-03,30.33
2025-04-03,29.22
2025-04-03,30.48
2025-04-03,30.06
2025-04-03,29.25
2025-04-03,38.29
2025-04-03,29.44
2025-04-03,34.41
2025-04-03,35.21
2025-04-03,34.91
2025-04-03,33.17
2025-04-03,35.08
2025-04-03,32.23
2025-04-03,35.72
2025-04-03,29.81
2025-04-03,38.92
2025-04-03,33.28
2025-04-03,34.67
2025-04-03,30.02
2025-04-03,33.48
2025-04-03,31.27
2025-04-03,34.49
2025-04-03,32.47
2025-04-03,29.33
2025-04-03,31.8
2025-04-03,38.86
2025-04-03,36.8
2025-04-03,30.58
2025-04-03,31.15
2025-04-03,30.46
2025-04-03,37.06
2025-04-03,35.39
2025-04-03,35.94
2025-04-03,33.8
2025-04-03,38.11
2025-04-03,32.83
2025-04-03,34.05
2025-04-03,36.4
2025-04-03,37.18
2025-04-03,34.7
2025-04-03,35.1
2025-04-03,29.16
2025-04-03,38.71
2025-04-03,33.32
2025-04-03,32.02
2025-04-03,29.25
2025-04-03,29.46
2025-04-03,36.47
2025-04-03,38.2
2025-04-03,34.75
2025-04-03,34.33
2025-04-03,38.09
2025-04-03,32.05
2025-04-03,33.45
2025-04-03,30.54
2025-04-03,29.4
2025-04-03,36.37
2025-04-03,37.73
2025-04-03,31.63
2025-04-03,32.49
2025-04-03,29.55
2025-04-03,36.78
2025-04-03,34.32
2025-04-03,34.61
2025-04-03,36.23
2025-04-03,34.92
2025-04-03,32.24
2025-04-03,31.38
2025-04-03,34.29
2025-04-03,29.07
2025-04-03,29.6
2025-04-03,29.64
2025-04-03,35.46
2025-04-03,35.6
2025-04-03,31.38
2025-04-03,32.62
2025-04-03,31.56
2025-04-03,33.61
2025-04-03,35.68
2025-04-03,33.62
2025-04-03,32.57
2025-04-03,31.05
2025-04-03,30.44
2025-04-03,32.46
2025-04-03,35.11
2025-04-03,33.76
2025-04-03,34.98
2025-04-03,35.06
2025-04-03,35.36
2025-04-03,31.39
2025-04-03,32.22
2025-04-03,29.58
2025-04-03,30.03
2025-04-03,29.85
2025-04-03,33.83
2025-04-03,37.54
2025-04-03,30.98
2025-04-03,35.08
2025-04-03,35.75
2025-04-03,37.99
2025-04-03,35.25
2025-04-03,34.5
2025-04-03,32.07
2025-04-03,32.12
2025-04-03,34.31
2025-04-03,33.18
2025-04-03,35.51
2025-04-03,34.68
2025-04-03,32.4
2025-04-03,30.96
2025-04-03,31.39
2025-04-03,37.33
2025-04-03,29.93
2025-04-03,35.64
2025-04-03,36.73
2025-04-03,33.36
2025-04-03,36.62
2025-04-03,33.63
2025-04-03,37.25
2025-04-03,36.2
2025-04-03,37.85
2025-04-03,35.31
2025-04-03,34.33
2025-04-03,29.73
2025-04-03,31.76
2025-04-03,32.15
2025-04-03,38.3
2025-04-03,38.12
2025-04-03,36.5
2025-04-03,29.31
2025-04-03,37.62
2025-04-03,29.65
2025-04-03,38.9
2025-04-03,31.47
2025-04-03,36.46
2025-04-03,34.88
2025-04-03,37.57
2025-04-03,35.21
2025-04-03,29.78
2025-04-03,33.84
2025-04-03,31.09
2025-04-03,30.83
2025-04-03,37.5
2025-04-03,31.01
2025-04-03,37.26
2025-04-03,29.31
2025-04-03,35.6
2025-04-03,32.03
2025-04-03,38.58
2025-04-03,37.61
2025-04-03,37.81
2025-04-03,29.76
2025-04-03,37.42
2025-04-03,37.83
2025-04-03,34.35
2025-04-03,38.8
2025-04-03,34.34
2025-04-03,33.38
2025-04-03,37.86
2025-04-03,34.03
2025-04-03,33.96
2025-04-03,38.65
2025-04-03,29.91
2025-04-03,36.29
2025-04-03,37.11
2025-04-03,35.76
2025-04-03,31.49
2025-04-03,33.5
2025-04-03,29.17
2025-04-03,36.61
2025-04-03,38.39
2025-04-03,30.5
2025-04-03,30.82
2025-04-03,30.95
2025-04-03,35.41
2025-04-03,30.47
2025-04-03,33.83
2025-04-03,35.63
2025-04-03,36.24
2025-04-03,35.56
2025-04-03,29.07
2025-04-03,30.72
2025-04-03,33.65
2025-04-03,34.97
2025-04-03,34.73
2025-04-03,33.89
2025-04-03,36.71
2025-04-03,38.12
2025-04-03,38.67
2025-04-03,34.86
2025-04-03,33.27
2025-04-03,37.96
2025-04-03,36.74
2025-04-03,38.95
2025-04-03,33.45
2025-04-03,29.44
2025-04-03,38.82
2025-04-03,36.67
2025-04-03,35.53
2025-04-03,34.16
2025-04-03,37.13
2025-04-03,33.88
2025-04-03,37.82
2025-04-03,34.71
2025-04-03,30.13
2025-04-03,37.39
2025-04-03,30.98
2025-04-03,35.25
2025-04-03,38.8
2025-04-03,35.87
2025-04-03,29.65
2025-04-03,33.95
2025-04-03,36.87
2025-04-03,32.92
2025-04-03,29.12
2025-04-03,29.55
2025-04-03,32.38
2025-04-03,36.59
2025-04-03,37.71
2025-04-03,35.3
2025-04-03,35.35
2025-04-03,36.89
2025-04-03,36.65
2025-04-03,37.76
2025-04-03,31.49
2025-04-03,35.44
2025-04-03,36.79
2025-04-03,33.17
2025-04-03,36.61
2025-04-03,29.99
2025-04-03,37.94
2025-04-03,35.83
2025-04-03,38.05
2025-04-03,31.3
2025-04-03,33.38
2025-04-03,38.4
2025-04-03,31.67
2025-04-03,36.21
2025-04-03,37.55
2025-04-03,37.23
2025-04-03,30.69
2025-04-03,38.71
2025-04-03,36.9
2025-04-03,31.39
2025-04-03,29.5
2025-04-03,33.27
2025-04-03,31.02
2025-04-03,33.21
2025-04-03,31.96
2025-04-03,38.98
2025-04-03,33.9
2025-04-03,36.34
2025-04-03,33.22
2025-04-03,33.63
2025-04-03,32.99
2025-04-03,38.82
2025-04-03,36.76
2025-04-03,30.85
2025-04-03,31.71
2025-04-03,36.56
2025-04-03,33.31
2025-04-03,31.68
2025-04-03,37.79
2025-04-03,37.34
2025-04-03,35.44
2025-04-03,37.46
2025-04-03,31.51
2025-04-03,37.88
2025-04-03,34.39
2025-04-03,30.26
2025-04-03,38.89
2025-04-03,31.15
2025-04-03,38.73
2025-04-03,32.22
2025-04-03,36.9
2025-04-03,38.78
2025-04-03,35.41
2025-04-03,29.56
2025-04-03,34.08
2025-04-03,34.71
2025-04-03,38.39
2025-04-03,33.65
2025-04-03,30.87
2025-04-03,35.61
2025-04-03,31.14
2025-04-03,35.05
2025-04-03,32.21
2025-04-03,37.0
2025-04-03,33.94
2025-04-03,37.77
2025-04-03,29.13
2025-04-03,35.46
2025-04-03,36.72
2025-04-03,36.69
2025-04-03,32.18
2025-04-03,38.95
2025-04-03,31.7
2025-04-03,30.07
2025-04-03,36.74
2025-04-03,33.75
2025-04-03,30.93
2025-04-03,31.31
2025-04-03,34.3
2025-04-03,33.6
2025-04-03,36.84
2025-04-03,34.4
2025-04-03,36.98
2025-04-03,38.5
2025-04-03,31.65
2025-04-03,33.46
2025-04-03,29.04
2025-04-03,32.14
2025-04-03,37.03
2025-04-03,30.12
2025-04-03,38.03
2025-04-03,31.26
2025-04-03,31.58
2025-04-03,33.95
2025-04-03,36.49
2025-04-03,35.38
2025-04-03,30.63
2025-04-03,37.28
2025-04-03,32.07
2025-04-03,35.61
2025-04-03,34.31
2025-04-03,35.99
2025-04-03,37.61
2025-04-03,32.02
2025-04-03,34.49
2025-04-03,36.1
2025-04-03,35.31
2025-04-03,33.43
2025-04-03,32.87
2025-04-03,32.38
2025-04-03,33.21
2025-04-03,37.13
2025-04-03,33.8
2025-04-03,31.17
2025-04-03,30.32
2025-04-03,36.93
2025-04-03,38.45
2025-04-03,33.45
2025-04-03,32.96
2025-04-03,35.18
2025-04-03,29.75
2025-04-03,31.46
2025-04-03,31.92
2025-04-03,37.12
2025-04-03,37.33
2025-04-03,35.89
2025-04-03,38.72
2025-04-03,36.08
2025-04-03,38.64
2025-04-03,31.81
2025-04-03,38.32
2025-04-03,38.51
2025-04-03,35.78
2025-04-03,36.77
2025-04-03,38.8
2025-04-03,29.48
2025-04-03,37.03
2025-04-03,31.02
2025-04-03,35.27
2025-04-03,36.65
2025-04-03,30.42
2025-04-03,37.88
2025-04-03,31.04
2025-04-03,36.03
2025-04-03,35.52
2025-04-03,34.59
2025-04-03,37.43
2025-04-03,36.09
2025-04-03,29.55
2025-04-03,31.65
2025-04-03,32.23
2025-04-03,35.52
2025-04-03,37.87
2025-04-03,38.71
2025-04-03,31.18
2025-04-03,31.49
2025-04-03,29.0
2025-04-03,33.03
2025-04-03,35.59
2025-04-03,29.25
2025-04-03,34.91
2025-04-03,29.02
2025-04-03,33.4
2025-04-03,38.52
2025-04-03,32.87
2025-04-03,31.01
2025-04-03,38.42
2025-04-03,33.84
2025-04-03,30.22
2025-04-03,37.0
2025-04-03,35.15
2025-04-03,35.12
2025-04-03,36.25
2025-04-03,38.01
2025-04-03,34.9
